[
  {
    "ParameterKey": "InternetFacingLoadBalancer",
    "ParameterValue": "true"
  },
  {
    "ParameterKey": "DBMasterUserPassword",
    "ParameterValue": "f925dO1ry_"
  },
  {
    "ParameterKey": "DBPassword",
    "ParameterValue": "f925dO1ry_"
  },
  {
    "ParameterKey": "QSS3BucketName",
    "ParameterValue": "$[taskcat_autobucket]"
  },
  {
    "ParameterKey": "QSS3KeyPrefix",
    "ParameterValue": "quickstart-atlassian-jira/"
  },
  {
    "ParameterKey": "CidrBlock",
    "ParameterValue": "0.0.0.0/0"
  },
  {
    "ParameterKey": "KeyPairName",
    "ParameterValue": "replaced-by-taskcat-override-file"
  },
  {
    "ParameterKey": "DBEngine",
    "ParameterValue": "Amazon Aurora PostgreSQL"
  },
  {
    "ParameterKey": "DBInstanceClass",
    "ParameterValue": "db.r5.large"
  },
  {
      "ParameterKey": "ClusterNodeInstanceType",
      "ParameterValue": "t3.medium"
  }
]
