[
    {
        "ParameterKey": "InternetFacingLoadBalancer",
        "ParameterValue": "true"
    },
    {
        "ParameterKey": "DBMasterUserPassword",
        "ParameterValue": "f925dO1ry_"
    },
    {
        "ParameterKey": "DBMultiAZ",
        "ParameterValue": "false"
    },
    {
        "ParameterKey": "DBPassword",
        "ParameterValue": "f925dO1ry_"
    },
    {
        "ParameterKey": "DBStorage",
        "ParameterValue": "100"
    },
    {
        "ParameterKey": "DBStorageType",
        "ParameterValue": "Provisioned IOPS"
    },
    {
        "ParameterKey": "KeyPairName",
        "ParameterValue": "replaced-by-taskcat-override-file"
    },
    {
        "ParameterKey": "CidrBlock",
        "ParameterValue": "0.0.0.0/0"
    },
    {
        "ParameterKey": "CustomDnsName",
        "ParameterValue": "replaced-by-taskcat-override-file"
    },
    {
        "ParameterKey": "SSLCertificateARN",
        "ParameterValue": "replaced-by-taskcat-override-file"
    },
    {
        "ParameterKey": "ClusterNodeInstanceType",
        "ParameterValue": "t3.medium"
    },
    {
        "ParameterKey": "DBInstanceClass",
        "ParameterValue": "db.t3.medium"
    },
    {
        "ParameterKey": "QSS3BucketName",
        "ParameterValue": "$[taskcat_autobucket]"
    },
    {
        "ParameterKey": "QSS3KeyPrefix",
        "ParameterValue": "quickstart-atlassian-jira/"
    }
]
